15V3YDhibKoqFgQwZtyGNMDPyNtf8XUH2GU7BgRUqCQ1V9ku,5,1yCg8NSCgjS4K5KDK5DZGhxUCxmgVyhyG6vBPn5wqUmLuYo,12xRcHjvStkUYgzTh9vyqinN3tUpddgcPnSUcLXZ3ty44Mq1,13343zPsd3yZhwpAphFysoVQA3De2vDMELVMxbgExpHB5UCg,14Gn7SEmCgMX7Ukuppnw5TRjA7pao2HFpuJo39frB42tYLEh,14aGNTNA9RMbuy73V8LJRCNszmBtiiKEmYZjdXp4GFNo1fpt,15AZxmt271W7YBo41JrxCYJHqdXhyrXsHhm5paFkd5GpreGP,12ELL9BzwsGGM948o3cBduLgxuBwpC6eUmgExTGnXqSfikqq
15V3YDhibKoqFgQwZtyGNMDPyNtf8XUH2GU7BgRUqCQ1V9ku,5,1yCg8NSCgjS4K5KDK5DZGhxUCxmgVyhyG6vBPn5wqUmLuYo,12xRcHjvStkUYgzTh9vyqinN3tUpddgcPnSUcLXZ3ty44Mq1,13343zPsd3yZhwpAphFysoVQA3De2vDMELVMxbgExpHB5UCg,14Gn7SEmCgMX7Ukuppnw5TRjA7pao2HFpuJo39frB42tYLEh,14aGNTNA9RMbuy73V8LJRCNszmBtiiKEmYZjdXp4GFNo1fpt,15AZxmt271W7YBo41JrxCYJHqdXhyrXsHhm5paFkd5GpreGP,12ELL9BzwsGGM948o3cBduLgxuBwpC6eUmgExTGnXqSfikqq
15V3YDhibKoqFgQwZtyGNMDPyNtf8XUH2GU7BgRUqCQ1V9ku,5,1yCg8NSCgjS4K5KDK5DZGhxUCxmgVyhyG6vBPn5wqUmLuYo,12xRcHjvStkUYgzTh9vyqinN3tUpddgcPnSUcLXZ3ty44Mq1,13343zPsd3yZhwpAphFysoVQA3De2vDMELVMxbgExpHB5UCg,14Gn7SEmCgMX7Ukuppnw5TRjA7pao2HFpuJo39frB42tYLEh,14aGNTNA9RMbuy73V8LJRCNszmBtiiKEmYZjdXp4GFNo1fpt,15AZxmt271W7YBo41JrxCYJHqdXhyrXsHhm5paFkd5GpreGP,12ELL9BzwsGGM948o3cBduLgxuBwpC6eUmgExTGnXqSfikqq
15V3YDhibKoqFgQwZtyGNMDPyNtf8XUH2GU7BgRUqCQ1V9ku,5,1yCg8NSCgjS4K5KDK5DZGhxUCxmgVyhyG6vBPn5wqUmLuYo,12xRcHjvStkUYgzTh9vyqinN3tUpddgcPnSUcLXZ3ty44Mq1,13343zPsd3yZhwpAphFysoVQA3De2vDMELVMxbgExpHB5UCg,14Gn7SEmCgMX7Ukuppnw5TRjA7pao2HFpuJo39frB42tYLEh,14aGNTNA9RMbuy73V8LJRCNszmBtiiKEmYZjdXp4GFNo1fpt,15AZxmt271W7YBo41JrxCYJHqdXhyrXsHhm5paFkd5GpreGP,12ELL9BzwsGGM948o3cBduLgxuBwpC6eUmgExTGnXqSfikqq
15V3YDhibKoqFgQwZtyGNMDPyNtf8XUH2GU7BgRUqCQ1V9ku,5,1yCg8NSCgjS4K5KDK5DZGhxUCxmgVyhyG6vBPn5wqUmLuYo,12xRcHjvStkUYgzTh9vyqinN3tUpddgcPnSUcLXZ3ty44Mq1,13343zPsd3yZhwpAphFysoVQA3De2vDMELVMxbgExpHB5UCg,14Gn7SEmCgMX7Ukuppnw5TRjA7pao2HFpuJo39frB42tYLEh,14aGNTNA9RMbuy73V8LJRCNszmBtiiKEmYZjdXp4GFNo1fpt,15AZxmt271W7YBo41JrxCYJHqdXhyrXsHhm5paFkd5GpreGP,12ELL9BzwsGGM948o3cBduLgxuBwpC6eUmgExTGnXqSfikqq
15V3YDhibKoqFgQwZtyGNMDPyNtf8XUH2GU7BgRUqCQ1V9ku,5,1yCg8NSCgjS4K5KDK5DZGhxUCxmgVyhyG6vBPn5wqUmLuYo,12xRcHjvStkUYgzTh9vyqinN3tUpddgcPnSUcLXZ3ty44Mq1,13343zPsd3yZhwpAphFysoVQA3De2vDMELVMxbgExpHB5UCg,14Gn7SEmCgMX7Ukuppnw5TRjA7pao2HFpuJo39frB42tYLEh,14aGNTNA9RMbuy73V8LJRCNszmBtiiKEmYZjdXp4GFNo1fpt,15AZxmt271W7YBo41JrxCYJHqdXhyrXsHhm5paFkd5GpreGP,12ELL9BzwsGGM948o3cBduLgxuBwpC6eUmgExTGnXqSfikqq
1frUuk324XLVd7tAB9krvcGfYMUhvpbPqrkG73MjuSUPHSr,2,1UQC7Vs4zbywp8CbxcCCRUyyRqeUZxq9aXeD8UZ3MpLUy12,14mg5GK7RoiafH7djdKgZKxKewuhj8ds19bqjioaEHR6WhQ4,12WQMLv8itdKJ83R4y3qNGYCRrsU6bFjyd4ZvcE4tmJoSiPv
13fnouKsAaWxBxCx9VarXBNyYo7vUCeTUbRmQBjytju8YqqB,2,16kneEJni8gPwehurRnHyTVHhqaBjHocCsKQ5yTBYrMuXkoD,15spbYGiQM8xXRKiK59sgPifLWAg7Cn6Z6WXBnP5x3QyWGYq
13fnouKsAaWxBxCx9VarXBNyYo7vUCeTUbRmQBjytju8YqqB,2,16kneEJni8gPwehurRnHyTVHhqaBjHocCsKQ5yTBYrMuXkoD,15spbYGiQM8xXRKiK59sgPifLWAg7Cn6Z6WXBnP5x3QyWGYq
13fnouKsAaWxBxCx9VarXBNyYo7vUCeTUbRmQBjytju8YqqB,2,16kneEJni8gPwehurRnHyTVHhqaBjHocCsKQ5yTBYrMuXkoD,15spbYGiQM8xXRKiK59sgPifLWAg7Cn6Z6WXBnP5x3QyWGYq
13fnouKsAaWxBxCx9VarXBNyYo7vUCeTUbRmQBjytju8YqqB,2,16kneEJni8gPwehurRnHyTVHhqaBjHocCsKQ5yTBYrMuXkoD,15spbYGiQM8xXRKiK59sgPifLWAg7Cn6Z6WXBnP5x3QyWGYq
13fnouKsAaWxBxCx9VarXBNyYo7vUCeTUbRmQBjytju8YqqB,2,16kneEJni8gPwehurRnHyTVHhqaBjHocCsKQ5yTBYrMuXkoD,15spbYGiQM8xXRKiK59sgPifLWAg7Cn6Z6WXBnP5x3QyWGYq
13fnouKsAaWxBxCx9VarXBNyYo7vUCeTUbRmQBjytju8YqqB,2,16kneEJni8gPwehurRnHyTVHhqaBjHocCsKQ5yTBYrMuXkoD,15spbYGiQM8xXRKiK59sgPifLWAg7Cn6Z6WXBnP5x3QyWGYq
13fnouKsAaWxBxCx9VarXBNyYo7vUCeTUbRmQBjytju8YqqB,2,16kneEJni8gPwehurRnHyTVHhqaBjHocCsKQ5yTBYrMuXkoD,15spbYGiQM8xXRKiK59sgPifLWAg7Cn6Z6WXBnP5x3QyWGYq
13fnouKsAaWxBxCx9VarXBNyYo7vUCeTUbRmQBjytju8YqqB,2,16kneEJni8gPwehurRnHyTVHhqaBjHocCsKQ5yTBYrMuXkoD,15spbYGiQM8xXRKiK59sgPifLWAg7Cn6Z6WXBnP5x3QyWGYq
13fnouKsAaWxBxCx9VarXBNyYo7vUCeTUbRmQBjytju8YqqB,2,16kneEJni8gPwehurRnHyTVHhqaBjHocCsKQ5yTBYrMuXkoD,15spbYGiQM8xXRKiK59sgPifLWAg7Cn6Z6WXBnP5x3QyWGYq
13fnouKsAaWxBxCx9VarXBNyYo7vUCeTUbRmQBjytju8YqqB,2,16kneEJni8gPwehurRnHyTVHhqaBjHocCsKQ5yTBYrMuXkoD,15spbYGiQM8xXRKiK59sgPifLWAg7Cn6Z6WXBnP5x3QyWGYq
